'Page Number,'Tipo,'Texto,'Confidence Score % (Line),
"'1","'LINE","'DIÁRIO OFICIAL","'96.98517609"
"'1","'LINE","'quarta-feira, 25 de outubro de 2017","'97.66967773"
"'1","'LINE","'7","'98.40396881"
"'1","'LINE","'PUBLICAÇÕES DIVERSAS","'95.38529205"
"'1","'LINE","'CIENTIFIQUE-SE,","'54.34678650"
"'1","'LINE","'CUMPRA-SE,","'84.22666931"
"'1","'LINE","'ANOTE-SE","'99.63589478"
"'1","'LINE","'E","'92.30586243"
"'1","'LINE","'18","'99.28704071"
"'1","'LINE","'JXC-9953","'99.69107056"
"'1","'LINE","'TD00020366","'98.69232178"
"'1","'LINE","'10/10/17","'99.36585999"
"'1","'LINE","'24/11/17","'99.71867371"
"'1","'LINE","'apresentação do Condutor implicará ao proprietário do","'98.27406311"
"'1","'LINE","'PUBLIQUE-SE.","'83.24669647"
"'1","'LINE","'veículo (pessoa física responsabilidade pela","'94.90232849"
"'1","'LINE","'GABINETE DO SECRETÁRIO EXECUTIVO.","'93.77198792"
"'1","'LINE","'19","'99.56628418"
"'1","'LINE","'OAC-0104","'99.60066223"
"'1","'LINE","'TD00029715","'99.10384369"
"'1","'LINE","'11/10/17","'99.19361115"
"'1","'LINE","'24/11/17","'99.53369904"
"'1","'LINE","'pontuação), (pessoa jurídica agravamento art. 257,","'91.15087128"
"'1","'LINE","'Manaus, 23 de outubro de 2017.","'98.33233643"
"'1","'LINE","'20","'99.69827271"
"'1","'LINE","'OAC-0104","'99.59734344"
"'1","'LINE","'TD00029717","'99.45148468"
"'1","'LINE","'11/10/17","'99.43131256"
"'1","'LINE","'24/11/17","'99.53475952"
"'1","'LINE","'8°).","'44.76334763"
"'1","'LINE","'N°","'70.02323914"
"'1","'LINE","'Emissão","'98.59307098"
"'1","'LINE","'Data","'99.66791534"
"'1","'LINE","'21","'99.63191986"
"'1","'LINE","'JXB-6332","'99.67095184"
"'1","'LINE","'TD00029192","'99.16251373"
"'1","'LINE","'11/10/17","'99.50443268"
"'1","'LINE","'24/11/17","'99.43315125"
"'1","'LINE","'N°","'78.08029938"
"'1","'LINE","'Placa","'98.93873596"
"'1","'LINE","'Auto","'99.15655518"
"'1","'LINE","'Notif.","'79.86571503"
"'1","'LINE","'Recurso","'99.03479004"
"'1","'LINE","'22","'99.71812439"
"'1","'LINE","'JXL-5286","'99.67824554"
"'1","'LINE","'TD00029802","'99.16205597"
"'1","'LINE","'11/10/17","'99.55225372"
"'1","'LINE","'24/11/17","'99.57767487"
"'1","'LINE","'ORESTES GUIMARÃES DE MELO FILHO","'91.50355530"
"'1","'LINE","'1","'91.70266724"
"'1","'LINE","'OAB-2544","'99.49516296"
"'1","'LINE","'TD00016668","'98.82598877"
"'1","'LINE","'06/10/17","'99.59401703"
"'1","'LINE","'09/11/17","'99.43079376"
"'1","'LINE","'Secretário Executivo","'97.68332672"
"'1","'LINE","'23","'99.74755096"
"'1","'LINE","'NOS-1933","'99.61054993"
"'1","'LINE","'TD00027702","'99.05241394"
"'1","'LINE","'11/10/17","'99.57056427"
"'1","'LINE","'24/11/17","'99.46067047"
"'1","'LINE","'2","'98.76676178"
"'1","'LINE","'JXS-5622","'99.45777893"
"'1","'LINE","'TD00027273","'98.08702850"
"'1","'LINE","'06/10/17","'99.67117310"
"'1","'LINE","'09/11/17","'99.61944580"
"'1","'LINE","'3","'98.50689697"
"'1","'LINE","'JXS-8942","'99.67004395"
"'1","'LINE","'TD00030783","'98.66384888"
"'1","'LINE","'10/10/17","'99.81282806"
"'1","'LINE","'09/11/17","'99.80134583"
"'1","'LINE","'OAA-3772","'99.78107452"
"'1","'LINE","'TD00029128","'99.26633453"
"'1","'LINE","'12/10/17","'99.66938782"
"'1","'LINE","'24/11/17","'99.65335083"
"'1","'LINE","'CEUSANO","'15.89829445"
"'1","'LINE","'24","'99.74374390"
"'1","'LINE","'4","'99.05848694"
"'1","'LINE","'JXS-9283","'99.71522522"
"'1","'LINE","'TD00033963","'99.22654724"
"'1","'LINE","'10/10/17","'99.69744110"
"'1","'LINE","'09/11/17","'99.44355011"
"'1","'LINE","'25","'99.71683502"
"'1","'LINE","'JXJ-1573","'99.33402252"
"'1","'LINE","'TD00028539","'99.26015472"
"'1","'LINE","'12/10/17","'99.65155792"
"'1","'LINE","'24/11/17","'99.62434387"
"'1","'LINE","'12154","'87.75069427"
"'1","'LINE","'5","'99.17215729"
"'1","'LINE","'JXO-2700","'97.62532043"
"'1","'LINE","'TD00028978","'99.20266724"
"'1","'LINE","'10/10/17","'99.45490265"
"'1","'LINE","'09/11/17","'99.24603271"
"'1","'LINE","'26","'99.59478760"
"'1","'LINE","'NPB-6769","'99.52655029"
"'1","'LINE","'TD00029141","'99.36644745"
"'1","'LINE","'12/10/17","'99.56990814"
"'1","'LINE","'24/11/17","'99.70979309"
"'1","'LINE","'6","'99.28199768"
"'1","'LINE","'OAH-6773","'99.77091980"
"'1","'LINE","'TD00033944","'99.14099121"
"'1","'LINE","'10/10/17","'99.66722107"
"'1","'LINE","'09/11/17","'99.37756348"
"'1","'LINE","'7","'97.00257874"
"'1","'LINE","'PHL-3470","'99.56442261"
"'1","'LINE","'TD00033945","'99.00656128"
"'1","'LINE","'10/10/17","'99.41263580"
"'1","'LINE","'09/11/17","'99.31636047"
"'1","'LINE","'27","'99.72386932"
"'1","'LINE","'OAK-5185","'99.70613861"
"'1","'LINE","'TD00028923","'99.59417725"
"'1","'LINE","'12/10/17","'99.72538757"
"'1","'LINE","'24/11/17","'99.59532928"
"'1","'LINE","'DETRAN/AM","'96.09885406"
"'1","'LINE","'8","'99.27452850"
"'1","'LINE","'OAI-5005","'97.63278961"
"'1","'LINE","'TD00030222","'98.24800110"
"'1","'LINE","'10/10/17","'99.52339172"
"'1","'LINE","'09/11/17","'99.51154327"
"'1","'LINE","'ESPÉCIE: Edital de Notificação de Imposição de","'97.16240692"
"'1","'LINE","'28","'99.70960236"
"'1","'LINE","'JWZ-8602","'97.59499359"
"'1","'LINE","'TD00029708","'99.30722809"
"'1","'LINE","'12/10/17","'99.71218872"
"'1","'LINE","'24/11/17","'99.62994385"
"'1","'LINE","'9","'99.12884521"
"'1","'LINE","'NOR-0847","'99.51837921"
"'1","'LINE","'TD00024025","'99.32917023"
"'1","'LINE","'10/10/17","'99.67116547"
"'1","'LINE","'09/11/17","'99.68453979"
"'1","'LINE","'Penalidade. o DETRAN/AM, fundamentado no caput do","'87.62943268"
"'1","'LINE","'29","'99.77615356"
"'1","'LINE","'OAN-3279","'99.12201691"
"'1","'LINE","'TD00026834","'98.44936371"
"'1","'LINE","'12/10/17","'99.76068115"
"'1","'LINE","'24/11/17","'99.54113770"
"'1","'LINE","'10","'99.61446381"
"'1","'LINE","'PHG-1307","'99.63359833"
"'1","'LINE","'TD00028972","'98.94838715"
"'1","'LINE","'10/10/17","'99.48835754"
"'1","'LINE","'09/11/17","'99.82715607"
"'1","'LINE","'art 282 da Lei 9.503, de 23.09.97 e no princípio","'96.59597778"
"'1","'LINE","'11","'99.37841034"
"'1","'LINE","'JXX-0567","'99.54260254"
"'1","'LINE","'TD00034205","'99.12532043"
"'1","'LINE","'10/10/17","'99.59689331"
"'1","'LINE","'09/11/17","'99.53800201"
"'1","'LINE","'constitucional do contraditório da CF: Considerando as","'97.50014496"
"'1","'LINE","'30","'99.78622437"
"'1","'LINE","'PHH-5283","'99.70495605"
"'1","'LINE","'TD00020125","'99.46012878"
"'1","'LINE","'12/10/17","'99.70137024"
"'1","'LINE","'24/11/17","'99.60292053"
"'1","'LINE","'12","'99.78496552"
"'1","'LINE","'JXX-0567","'99.44165039"
"'1","'LINE","'TD00034202","'98.73478699"
"'1","'LINE","'10/10/17","'99.44956207"
"'1","'LINE","'09/11/17","'99.58293152"
"'1","'LINE","'reiteradas tentativas de recebimento de Notificações de","'98.70369720"
"'1","'LINE","'31","'99.54869080"
"'1","'LINE","'JWS-6496","'99.22826385"
"'1","'LINE","'TD00029003","'99.06060028"
"'1","'LINE","'12/10/17","'99.73418427"
"'1","'LINE","'24/11/17","'99.71051025"
"'1","'LINE","'13","'99.78462982"
"'1","'LINE","'JXX-0567","'99.54975128"
"'1","'LINE","'TD00034203","'97.95568848"
"'1","'LINE","'10/10/17","'99.58502960"
"'1","'LINE","'09/11/17","'99.63059998"
"'1","'LINE","'Imposição de Penalidade por correspondência postal;","'97.29397583"
"'1","'LINE","'NOTIFICA que foram lavradas autuações cometidas","'98.95345306"
"'1","'LINE","'32","'99.82215881"
"'1","'LINE","'PHJ-4253","'99.60996246"
"'1","'LINE","'TD00020357","'98.79219818"
"'1","'LINE","'12/10/17","'99.65284729"
"'1","'LINE","'24/11/17","'99.70864868"
"'1","'LINE","'14","'99.64065552"
"'1","'LINE","'JXX-0567","'99.60761261"
"'1","'LINE","'TD00034204","'97.69403839"
"'1","'LINE","'10/10/17","'99.63869476"
"'1","'LINE","'09/11/17","'99.62882233"
"'1","'LINE","'15","'99.66240692"
"'1","'LINE","'JXX-0567","'99.56828308"
"'1","'LINE","'TD00030799","'98.06114197"
"'1","'LINE","'10/10/17","'99.50759125"
"'1","'LINE","'09/11/17","'99.73410034"
"'1","'LINE","'pelos veículos de propriedade dos abaixo relacionados,","'97.55553436"
"'1","'LINE","'33","'99.80744934"
"'1","'LINE","'PHJ-4253","'99.77140808"
"'1","'LINE","'TD00020355","'99.49135590"
"'1","'LINE","'12/10/17","'99.72830963"
"'1","'LINE","'24/11/17","'99.71339417"
"'1","'LINE","'facultado as partes interessadas interporem Recurso","'98.66529083"
"'1","'LINE","'16","'99.63288879"
"'1","'LINE","'JXX-0567","'99.41579437"
"'1","'LINE","'TD00030800","'98.61708832"
"'1","'LINE","'10/10/17","'99.49211884"
"'1","'LINE","'09/11/17","'99.57118988"
"'1","'LINE","'em 1ª instância na JARI no prazo de quinze dias, a","'94.52275085"
"'1","'LINE","'34","'99.85189056"
"'1","'LINE","'PHM-4146","'99.54597473"
"'1","'LINE","'TD00007307","'99.47536469"
"'1","'LINE","'12/10/17","'99.73793030"
"'1","'LINE","'24/11/17","'99.74964142"
"'1","'LINE","'17","'99.58344269"
"'1","'LINE","'NOK-2179","'99.63946533"
"'1","'LINE","'TD00030227","'99.16120911"
"'1","'LINE","'10/10/17","'99.55130768"
"'1","'LINE","'09/11/17","'99.61837006"
"'1","'LINE","'contar da data da publicação do presente edital,","'98.78159332"
"'1","'LINE","'35","'99.81072998"
"'1","'LINE","'JWO-1920","'99.18650818"
"'1","'LINE","'TD00009334","'99.32151794"
"'1","'LINE","'12/10/17","'99.74922180"
"'1","'LINE","'24/11/17","'99.69981384"
"'1","'LINE","'18","'99.69541168"
"'1","'LINE","'NOK-2179","'99.62244415"
"'1","'LINE","'TD00030230","'98.96122742"
"'1","'LINE","'10/10/17","'99.50785828"
"'1","'LINE","'09/11/17","'99.61254883"
"'1","'LINE","'podendo ser adquirido o formulário para Recurso no","'94.27415466"
"'1","'LINE","'19","'99.49783325"
"'1","'LINE","'OAF-7680","'99.63475800"
"'1","'LINE","'TD00024041","'98.32676697"
"'1","'LINE","'10/10/17","'99.51606750"
"'1","'LINE","'09/11/17","'99.71687317"
"'1","'LINE","'Prot. Adm do DETRAN/AM. Da decisão da JARI caberá","'95.51286316"
"'1","'LINE","'36","'99.66703796"
"'1","'LINE","'PHI-9972","'99.76927185"
"'1","'LINE","'TD00029731","'99.48488617"
"'1","'LINE","'12/10/17","'99.73492432"
"'1","'LINE","'24/11/17","'99.75662231"
"'1","'LINE","'20","'99.62686157"
"'1","'LINE","'OAF-7680","'99.62088776"
"'1","'LINE","'TD00024042","'99.16279602"
"'1","'LINE","'10/10/17","'99.72206879"
"'1","'LINE","'09/11/17","'99.62968445"
"'1","'LINE","'Recurso em 2ª instância junto ao CETRAN/AM na","'93.32563019"
"'1","'LINE","'37","'99.60017395"
"'1","'LINE","'NOM-3039","'99.45132446"
"'1","'LINE","'TD00027569","'98.99755096"
"'1","'LINE","'12/10/17","'99.77482605"
"'1","'LINE","'24/11/17","'99.59709930"
"'1","'LINE","'21","'99.55160522"
"'1","'LINE","'OAF-7680","'99.56979370"
"'1","'LINE","'TD00024043","'98.19911957"
"'1","'LINE","'10/10/17","'99.56581879"
"'1","'LINE","'09/11/17","'99.71746063"
"'1","'LINE","'forma do art 288/289 do CTB","'93.07202911"
"'1","'LINE","'Data","'99.48775482"
"'1","'LINE","'38","'99.66952515"
"'1","'LINE","'JXP-1499","'99.54421997"
"'1","'LINE","'TD00026221","'99.48165894"
"'1","'LINE","'12/10/17","'99.70129395"
"'1","'LINE","'24/11/17","'99.66622162"
"'1","'LINE","'22","'99.63991547"
"'1","'LINE","'NOK-2179","'99.57283783"
"'1","'LINE","'TD00016240","'97.76643372"
"'1","'LINE","'10/10/17","'99.68432617"
"'1","'LINE","'09/11/17","'99.64426422"
"'1","'LINE","'N°","'73.36972046"
"'1","'LINE","'Emissão","'98.73958588"
"'1","'LINE","'N°","'75.39283752"
"'1","'LINE","'Placa","'99.39091492"
"'1","'LINE","'23","'99.72514343"
"'1","'LINE","'NOK-2179","'99.73520660"
"'1","'LINE","'TD00030228","'99.04090881"
"'1","'LINE","'10/10/17","'99.65218353"
"'1","'LINE","'09/11/17","'99.62302399"
"'1","'LINE","'Auto","'99.46968079"
"'1","'LINE","'Notif.","'95.90190887"
"'1","'LINE","'Recurso","'99.46256256"
"'1","'LINE","'39","'99.67375183"
"'1","'LINE","'NOL-4192","'99.43974304"
"'1","'LINE","'AI00374705","'86.63633728"
"'1","'LINE","'12/10/17","'99.78700256"
"'1","'LINE","'24/11/17","'99.67293549"
"'1","'LINE","'1","'92.80181122"
"'1","'LINE","'JXF-8289","'99.43672180"
"'1","'LINE","'TD00020716","'98.98538208"
"'1","'LINE","'14/07/17","'99.70310974"
"'1","'LINE","'24/11/17","'99.65766144"
"'1","'LINE","'24","'99.75443268"
"'1","'LINE","'NOK-2179","'99.68947601"
"'1","'LINE","'TD00030229","'99.31967163"
"'1","'LINE","'10/10/17","'99.67527771"
"'1","'LINE","'09/11/17","'99.67642212"
"'1","'LINE","'40","'99.80101776"
"'1","'LINE","'PHA-9086","'99.53895569"
"'1","'LINE","'AI00374706","'74.82133484"
"'1","'LINE","'12/10/17","'99.76167297"
"'1","'LINE","'24/11/17","'99.75871277"
"'1","'LINE","'25","'99.80604553"
"'1","'LINE","'NUR-3748","'98.72013855"
"'1","'LINE","'TD00032904","'98.52283478"
"'1","'LINE","'10/10/17","'99.67553711"
"'1","'LINE","'09/11/17","'99.55957794"
"'1","'LINE","'2","'98.52733612"
"'1","'LINE","'JXF-8289","'99.62321472"
"'1","'LINE","'TD00020718","'98.80805969"
"'1","'LINE","'14/07/17","'99.75590515"
"'1","'LINE","'24/11/17","'99.56211853"
"'1","'LINE","'41","'99.04708099"
"'1","'LINE","'JXS-2065","'99.43233490"
"'1","'LINE","'AI00374711","'90.55810547"
"'1","'LINE","'12/10/17","'99.07807159"
"'1","'LINE","'24/11/17","'99.53676605"
"'1","'LINE","'26","'99.66535950"
"'1","'LINE","'JXA-7759","'99.63110352"
"'1","'LINE","'TD00032911","'99.23794556"
"'1","'LINE","'13/10/17","'99.41757965"
"'1","'LINE","'09/11/17","'99.60514069"
"'1","'LINE","'3","'98.82797241"
"'1","'LINE","'JXF-8289","'99.50520325"
"'1","'LINE","'TD00020715","'99.27704620"
"'1","'LINE","'14/07/17","'99.73897552"
"'1","'LINE","'24/11/17","'99.67687988"
"'1","'LINE","'Manaus, 25 de outubro de 2017","'95.39184570"
"'1","'LINE","'27","'99.47407532"
"'1","'LINE","'OAL-3331","'99.58456421"
"'1","'LINE","'TD00033005","'99.39157867"
"'1","'LINE","'13/10/17","'99.60906219"
"'1","'LINE","'09/11/17","'99.74748230"
"'1","'LINE","'4","'98.45428467"
"'1","'LINE","'NOT-7762","'99.59451294"
"'1","'LINE","'TD00029116","'99.14388275"
"'1","'LINE","'03/10/17","'99.61265564"
"'1","'LINE","'24/11/17","'99.62202454"
"'1","'LINE","'28","'99.67257690"
"'1","'LINE","'NOR-6501","'99.55677032"
"'1","'LINE","'TD00033272","'98.61865234"
"'1","'LINE","'13/10/17","'99.51881409"
"'1","'LINE","'09/11/17","'99.73905945"
"'1","'LINE","'09/11/17","'99.52413177"
"'1","'LINE","'5","'98.45526123"
"'1","'LINE","'JWX-5889","'99.47578430"
"'1","'LINE","'TD00029124","'98.98519135"
"'1","'LINE","'03/10/17","'99.70790863"
"'1","'LINE","'24/11/17","'99.47883606"
"'1","'LINE","'29","'99.58898926"
"'1","'LINE","'OAD-9869","'99.55684662"
"'1","'LINE","'TD00008452","'98.90868378"
"'1","'LINE","'13/10/17","'99.64001465"
"'1","'LINE","'VINICIUS DINIZ SOUZA DOS SANTOS","'98.25737762"
"'1","'LINE","'30","'99.49595642"
"'1","'LINE","'PHH-8495","'99.66812134"
"'1","'LINE","'TD00033433","'99.28824615"
"'1","'LINE","'13/10/17","'99.43713379"
"'1","'LINE","'09/11/17","'99.69960785"
"'1","'LINE","'6","'98.85504913"
"'1","'LINE","'NOS-2625","'99.54359436"
"'1","'LINE","'TD00023931","'99.37213135"
"'1","'LINE","'03/10/17","'99.67961121"
"'1","'LINE","'24/11/17","'99.72495270"
"'1","'LINE","'Diretor Presidente","'97.58836365"
"'1","'LINE","'31","'99.59822083"
"'1","'LINE","'NOI-6831","'99.28771210"
"'1","'LINE","'TD00022323","'99.28479767"
"'1","'LINE","'13/10/17","'99.54099274"
"'1","'LINE","'09/11/17","'99.59855652"
"'1","'LINE","'7","'96.72299194"
"'1","'LINE","'OAM-8772","'99.48831940"
"'1","'LINE","'TD00027555","'98.59024048"
"'1","'LINE","'05/10/17","'99.64635468"
"'1","'LINE","'24/11/17","'99.70014954"
"'1","'LINE","'12156","'97.67395020"
"'1","'LINE","'32","'99.58454895"
"'1","'LINE","'JXX-1745","'99.43727112"
"'1","'LINE","'TD00033270","'98.73664093"
"'1","'LINE","'13/10/17","'99.55596161"
"'1","'LINE","'09/11/17","'99.56070709"
"'1","'LINE","'8","'98.88577271"
"'1","'LINE","'NOP-9379","'99.44311523"
"'1","'LINE","'TD00029174","'98.86456299"
"'1","'LINE","'06/10/17","'99.75305176"
"'1","'LINE","'24/11/17","'99.74607849"
"'1","'LINE","'33","'99.65403748"
"'1","'LINE","'JWP-6577","'98.64212799"
"'1","'LINE","'TD00031447","'99.23026276"
"'1","'LINE","'13/10/17","'99.46028137"
"'1","'LINE","'09/11/17","'99.76563263"
"'1","'LINE","'DETRAN/AM","'96.41432190"
"'1","'LINE","'9","'98.76453400"
"'1","'LINE","'JWY-9714","'98.11592865"
"'1","'LINE","'TD00029460","'98.73701477"
"'1","'LINE","'07/10/17","'99.67615509"
"'1","'LINE","'24/11/17","'99.49189758"
"'1","'LINE","'34","'99.71455383"
"'1","'LINE","'JWV-6212","'98.56452942"
"'1","'LINE","'TD00033434","'99.14998627"
"'1","'LINE","'13/10/17","'99.19551849"
"'1","'LINE","'09/11/17","'99.65666962"
"'1","'LINE","'ESPÉCIE: Edital de Notificação de Autuação.","'94.93115234"
"'1","'LINE","'o","'55.82138824"
"'1","'LINE","'35","'99.79045105"
"'1","'LINE","'OAL-3331","'99.63576508"
"'1","'LINE","'TD00033004","'98.98432159"
"'1","'LINE","'13/10/17","'99.50745392"
"'1","'LINE","'09/11/17","'99.54779816"
"'1","'LINE","'10","'99.51219940"
"'1","'LINE","'OAK-2959","'99.67560577"
"'1","'LINE","'TD00025858","'98.39421082"
"'1","'LINE","'10/10/17","'99.71372223"
"'1","'LINE","'24/11/17","'99.44091034"
"'1","'LINE","'DETRAN/AM, fundamentado no art 281, § único, II, da","'91.91284180"
"'1","'LINE","'36","'99.72124481"
"'1","'LINE","'JWX-6274","'99.64183807"
"'1","'LINE","'TD00032001","'99.33477783"
"'1","'LINE","'13/10/17","'99.56919098"
"'1","'LINE","'09/11/17","'99.45494843"
"'1","'LINE","'11","'98.36593628"
"'1","'LINE","'PHA-0445","'99.71481323"
"'1","'LINE","'AI00374006","'67.37535095"
"'1","'LINE","'10/10/17","'99.71615601"
"'1","'LINE","'24/11/17","'99.50159454"
"'1","'LINE","'Lei 9.503, de 23.09.97 e no principio constitucional do","'95.27818298"
"'1","'LINE","'37","'99.60599518"
"'1","'LINE","'JXF-8995","'99.55796814"
"'1","'LINE","'TD00029254","'97.87821960"
"'1","'LINE","'13/10/17","'99.50294495"
"'1","'LINE","'09/11/17","'99.17791748"
"'1","'LINE","'contraditório da CF: Considerando as reiteradas","'97.76839447"
"'1","'LINE","'12","'99.46159363"
"'1","'LINE","'OAK-1457","'99.65076447"
"'1","'LINE","'AI00374610","'76.44430542"
"'1","'LINE","'10/10/17","'99.67344666"
"'1","'LINE","'24/11/17","'99.55841827"
"'1","'LINE","'tentativas de recebimento de Notificações de Autuação","'98.03451538"
"'1","'LINE","'38","'99.51315308"
"'1","'LINE","'NOW-5589","'99.48955536"
"'1","'LINE","'TD00010522","'99.10353088"
"'1","'LINE","'13/10/17","'99.72707367"
"'1","'LINE","'09/11/17","'99.22271729"
"'1","'LINE","'13","'99.38040161"
"'1","'LINE","'JXP-0584","'99.56076813"
"'1","'LINE","'AI00373911","'84.78987122"
"'1","'LINE","'10/10/17","'99.48110962"
"'1","'LINE","'24/11/17","'99.61801910"
"'1","'LINE","'por correspondência postal; NOTIFICA que foram","'97.97087097"
"'1","'LINE","'Manaus, 25 de outubro de 2017","'98.96651459"
"'1","'LINE","'OAA-4129","'99.77487183"
"'1","'LINE","'AI00374615","'78.42236328"
"'1","'LINE","'10/10/17","'99.67832947"
"'1","'LINE","'24/11/17","'99.65799713"
"'1","'LINE","'lavradas autuações cometidas pelos veículos de","'97.86006927"
"'1","'LINE","'14","'99.07292938"
"'1","'LINE","'propriedade dos abaixo relacionados, devendo as","'97.86251831"
"'1","'LINE","'15","'99.36791229"
"'1","'LINE","'OAD-6969","'99.37512970"
"'1","'LINE","'AI00370819","'87.01189423"
"'1","'LINE","'10/10/17","'99.77497101"
"'1","'LINE","'24/11/17","'99.61796570"
"'1","'LINE","'partes interessadas efetivar apresentação do condutor","'98.70788574"
"'1","'LINE","'VINICIUS DINIZ-SOUZADOS SANTOS","'85.73325348"
"'1","'LINE","'16","'99.38460541"
"'1","'LINE","'NOT-0617","'99.66533661"
"'1","'LINE","'TD00013395","'98.89443207"
"'1","'LINE","'10/10/17","'99.58300018"
"'1","'LINE","'24/11/17","'99.71244812"
"'1","'LINE","'e Defesa da Autuação no prazo de quinze dias, a contar","'98.05958557"
"'1","'LINE","'Diretor Presidente","'97.25550079"
"'1","'LINE","'da data da publicação do presente edital, podendo ser","'98.71794891"
"'1","'LINE","'17","'98.88198853"
"'1","'LINE","'JWN-2501","'99.30341339"
"'1","'LINE","'TD00026225","'98.62126923"
"'1","'LINE","'10/10/17","'99.65173340"
"'1","'LINE","'24/11/17","'99.69554138"
"'1","'LINE","'12157","'97.85059357"
"'1","'LINE","'adquirido o formulário para Defesa no Prot. Adm. A não","'94.85849762"
"'1","'LINE","'SEAD","'99.90373230"
"'1","'LINE","'independente da data de início do exercicio, obedecendo o","'91.81516266"
"'1","'LINE","'Art. 8°. o usufruto das férias poderá ser transferido para","'89.47182465"
"'1","'LINE","'que estabelece o Art. 1°.","'79.19908142"
"'1","'LINE","'outra oportunidade, por necessidade do serviço ou interesse","'96.55618286"
"'1","'LINE","'Art. 3°. Nos casos de servidores exclusivamente","'88.23115540"
"'1","'LINE","'do servidor, devendo elas serem gozadas de forma integral","'98.23337555"
"'1","'LINE","'INSTRUÇÃO NORMATIVA N° 001/2017-GS/SEAD","'83.51278687"
"'1","'LINE","'comissionados sem vínculo, se ocorrer exoneração seguida","'93.23272705"
"'1","'LINE","'antes do novo período aquisitivo. observado O que","'87.64372253"
"'1","'LINE","'Dispõe sobre os procedimentos de usufruto de férias a partir","'97.97425842"
"'1","'LINE","'de nomeação no mesmo cargo, sem interrupção temporal,","'98.16115570"
"'1","'LINE","'estabelece o Art. 1°.","'81.54507446"
"'1","'LINE","'do exercício de 2018.","'97.27600098"
"'1","'LINE","'ou nomeação em novo Órgão no mesmo cargo por motivo","'97.81607056"
"'1","'LINE","'Art. 9° A transferência de férias por necessidade do serviço,","'94.56117249"
"'1","'LINE","'A SECRETÁRIA DE ADMINISTRAÇÃO E GESTÃO, no","'95.62819672"
"'1","'LINE","'de transformação de Orgão Público, no qual foram mantidas","'96.46379852"
"'1","'LINE","'autorizada pelo Gestor do Órgão, deverá ser publicada no","'94.81343842"
"'1","'LINE","'exercicio de suas atribuições legais e.","'91.64572906"
"'1","'LINE","'mesma estrutura e atribuições, ou remanejados de um","'96.36946106"
"'1","'LINE","'Diário Oficial do Estado, informando, no respectivo ato, o","'91.13298035"
"'1","'LINE","'CONSIDERANDO o interesse da Administração em","'95.41074371"
"'1","'LINE","'Órgão para outro no mesmo cargo, em virtude de","'96.49098206"
"'1","'LINE","'motivo da transferência (atividade na qual o servidor está","'94.46068573"
"'1","'LINE","'proceder à regulamentação das férias maximizando a","'97.33099365"
"'1","'LINE","'continuidade do vínculo, considerar-se-á como data base a","'91.43822479"
"'1","'LINE","'envolvido que impossibilita o usufruto das férias).","'92.48007202"
"'1","'LINE","'efetividade dos principios constitucionais;","'86.97305298"
"'1","'LINE","'data de início do exercicio decorrente da nomeação","'97.39723206"
"'1","'LINE","'Art. 10. As férias transferidas por interesse do servidor só","'98.37743378"
"'1","'LINE","'CONSIDERANDO o que estabelece os artigos 62, 63 e 64","'90.21254730"
"'1","'LINE","'originária.","'80.49333191"
"'1","'LINE","'poderão ser acatadas obedecendo ao estabelecido no Art.","'98.64299011"
"'1","'LINE","'da Lei n. 1.762, de 14 de novembro de 1986, Estatuto dos","'93.61001587"
"'1","'LINE","'Parágrafo Único. No caso de servidores","'96.26011658"
"'1","'LINE","'1° e deverão, obrigatoriamente, ser publicadas no Diário","'93.30850220"
"'1","'LINE","'Funcionários Públicos Civis do Estado do Amazonas;","'96.88279724"
"'1","'LINE","'comissionados sem vínculo. que são exonerados de um","'96.64839172"
"'1","'LINE","'Oficial do Estado, autorizadas, pelo Gestor do Órgão,","'91.55694580"
"'1","'LINE","'CONSIDERANDO o Decreto n. 38.255, de 18 de setembro","'94.56804657"
"'1","'LINE","'cargo e nomeados para novo cargo de atribuições diversas,","'95.21635437"
"'1","'LINE","'informando, no respectivo ato, a nova data de usufruto das","'98.11170197"
"'1","'LINE","'de 2017, que disciplina o funcionamento do Sistema de","'92.59009552"
"'1","'LINE","'ainda que no mesmo Órgão e sem interrupção do tempo de","'97.35371399"
"'1","'LINE","'mesmas.","'83.15808105"
"'1","'LINE","'Pessoal do Poder Executivo Estadual SPPE:","'90.91678619"
"'1","'LINE","'exercício, considerar-se-á novo provimento, não cabendo,","'88.57366180"
"'1","'LINE","'Art. 11. Caberá aos Gestores de RH o controle e","'94.61195374"
"'1","'LINE","'CONSIDERANDO a necessidade de disciplinar a","'98.26525116"
"'1","'LINE","'portanto, computar para efeito de fèrias no novo cargo em","'93.56059265"
"'1","'LINE","'viabilização de usufruto das férias de exercícios anteriores","'95.68827820"
"'1","'LINE","'concessão das férias no âmbito do Poder Executivo","'96.03997040"
"'1","'LINE","'comissão o período anterior de exercício em outro cargo","'90.90599060"
"'1","'LINE","'não gozadas, atendida a conveniência do serviço público e","'94.13215637"
"'1","'LINE","'Estadual;","'84.15047455"
"'1","'LINE","'comissionado.","'91.35946655"
"'1","'LINE","'CONSIDERANDO, finalmente, a necessidade de padronizar","'95.35742950"
"'1","'LINE","'Art. 4°. Aos servidores contratados através do Regime de","'92.79271698"
"'1","'LINE","'o interesse do servidor.","'81.08287811"
"'1","'LINE","'Direito Administrativo que tiverem O contrato prorrogado,","'91.53296661"
"'1","'LINE","'Art.12 Excetuam-se desta normativa os cargos de","'97.00624084"
"'1","'LINE","'procedimentos para o funcionamento do Sistema no que se","'95.25764465"
"'1","'LINE","'refere às férias regulamentares,","'96.34629059"
"'1","'LINE","'sem interrupção temporal, também prevalece, para fins de","'94.40697479"
"'1","'LINE","'Secretário de Estado e equivalentes.","'94.61057281"
"'1","'LINE","'RESOLVE:","'88.18025208"
"'1","'LINE","'contabilização do período aquisitivo, a data de inicio do","'93.04232025"
"'1","'LINE","'Art. 13. o Modelo do documento de Aviso e Prorrogação de","'94.66870117"
"'1","'LINE","'Art. 1° Estabelecer que a escala de férias deverá obedecer","'93.70576477"
"'1","'LINE","'exercício.","'64.11991119"
"'1","'LINE","'Férias deverá obrigatoriamente ser O constante do Anexo","'92.83245850"
"'1","'LINE","'ao limite máximo mensal de 1/12 avos do total de","'99.16606903"
"'1","'LINE","'Art. 5°. Quando a nomeação de servidor estatutário para","'88.44490814"
"'1","'LINE","'desta Instrução Normativa,","'81.96578979"
"'1","'LINE","'servidores, a ser controlado pelo Setor de Recursos","'98.17003632"
"'1","'LINE","'ocupar cargo comissionado ocorrer antes do mês","'98.51802063"
"'1","'LINE","'Art. 14. Esta Instrução Normaliva entra em vigor na data de","'93.92755127"
"'1","'LINE","'Humanos (RH) de cada Órgão, a partir de janeiro de 2018.","'94.74520874"
"'1","'LINE","'programado para usufruto das férias, ficará a cargo da","'96.44265747"
"'1","'LINE","'sua publicação.","'80.93997955"
"'1","'LINE","'Parágrafo Único. Excetuam-se desta regra os","'95.26977539"
"'1","'LINE","'Chefia imediata a concessão das mesmas, atendida a","'97.54519653"
"'1","'LINE","'GABINETE DA SECRETÁRIA DE ADMINISTRAÇÃO E","'97.32493591"
"'1","'LINE","'servidores integrantes do Magistério da SEDUC e da UEA,","'96.10485840"
"'1","'LINE","'conveniência do serviço público e o interesse do servidor.","'90.50980377"
"'1","'LINE","'GESTÃO, em Manaus, 23 de outubro de 2017.","'95.15867615"
"'1","'LINE","'em virtude das férias coletivas ali praticadas, e os servidores","'97.77204895"
"'1","'LINE","'Art. 6°. As férias deverão obrigatoriamente ser usufruidas","'82.76669312"
"'1","'LINE","'cujo Órgão de lotação já possua regulamentação própria","'95.19592285"
"'1","'LINE","'nos seguintes períodos: em período único de 30 dias ou em","'93.13877869"
"'1","'LINE","'quanto ao usufruto das férias.","'93.98970032"
"'1","'LINE","'dois periodos, assim distribuidos: 10 20 dias ou 15 e 15","'93.11707306"
"'1","'LINE","'ANGELA NÉVES BULBOL DE LIMA","'89.88684082"
"'1","'LINE","'Art. 2° Somente será permitido ao servidor o usufruto das","'87.28919220"
"'1","'LINE","'dias ou, ainda, em até très períodos de: 10, 10 e 10 dias.","'87.93964386"
"'1","'LINE","'Secretária de Administração e Gestão","'95.51495361"
"'1","'LINE","'férias após finalizado o período aquisitivo, independente da","'91.67967224"
"'1","'LINE","'Parágrafo Único. Excetuam-se do regramento","'96.04576874"
"'1","'LINE","'Unidade Administrativa na qual se encontre lotado. Para o","'93.51760101"
"'1","'LINE","'estabelecido no caput os cargos de Secretário de Estado e","'95.72454834"
"'1","'LINE","'primeiro periodo aquisitivo de férias serão exigidos 12","'97.86090851"
"'1","'LINE","'correspondentes e cargos do Magistério da SEDUC e UEA.","'95.60620117"
"'1","'LINE","'MARIA DA GLORIA VITORIO GUIMARÃES","'90.91788483"
"'1","'LINE","'(doze) meses de efetivo exercício no cargo.","'96.63406372"
"'1","'LINE","'Art. 7°. Os ocupantes do cargo de Técnico de Radiologia","'92.87771606"
"'1","'LINE","'Secretária Executiva da SEAD","'90.18394470"
"'1","'LINE","'Parágrafo Único. Finalizado o período aquisitivo nos","'90.17824554"
"'1","'LINE","'usufruirão 20 dias de férias consecutivos, por semestre,","'95.04689026"
"'1","'LINE","'termos definidos no caput, as férias poderão ser","'98.30245972"
"'1","'LINE","'desde que na atividade profissional do cargo, obedecendo o","'94.32848358"
"'1","'LINE","'programadas para qualquer mês dentro do exercicio,","'92.19171143"
"'1","'LINE","'que estabelece o Art. 2°.","'78.46480560"
"'1","'LINE","'12155","'97.95903015"
"'2","'LINE","'8","'99.65089417"
"'2","'LINE","'quarta-feira, 25 de outubro de 2017","'98.76808167"
"'2","'LINE","'DIÁRIO OFICIAL","'97.74789429"
"'2","'LINE","'PUBLICAÇÕES DIVERSAS","'95.73864746"
"'2","'LINE","'ANEXO I","'84.71630096"
"'2","'LINE","'AVISO DE FÉRIAS","'98.97700500"
"'2","'LINE","'ÓRGÃO:","'92.15953827"
"'2","'LINE","'LOTAÇÃO:","'91.42608643"
"'2","'LINE","'SERVIDOR:","'96.20290375"
"'2","'LINE","'MATRICULA:","'94.27191925"
"'2","'LINE","'CARGO:","'99.30511475"
"'2","'LINE","'VINCULO:","'94.30197144"
"'2","'LINE","'DATA:","'99.46424866"
"'2","'LINE","'/","'84.37036133"
"'2","'LINE","'Comunicamos a V.Sa., que de acordo com a Programação de Férias devidamente aprovada, será pago no mês de XXXXX/XXXX, 1/3 Constitucional de","'97.08977509"
"'2","'LINE","'Férias relativas ao exercício de XXXX/XXXX, que deverão ser gozadas no período:","'96.29960632"
"'2","'LINE","'ÚNICO DE 30 DIAS","'97.78610229"
"'2","'LINE","'10/20 e 20/10 dias","'98.93064880"
"'2","'LINE","'15 15 dias","'99.48612213"
"'2","'LINE","'retorno:","'89.29682922"
"'2","'LINE","'de","'99.74657440"
"'2","'LINE","'/","'89.24646759"
"'2","'LINE","'de","'99.86830902"
"'2","'LINE","'/","'86.20779419"
"'2","'LINE","'a","'99.39732361"
"'2","'LINE","'/","'90.85234833"
"'2","'LINE","'de","'99.83646393"
"'2","'LINE","'/","'90.10844421"
"'2","'LINE","'/","'84.66378784"
"'2","'LINE","'a","'99.48298645"
"'2","'LINE","'/","'84.37365723"
"'2","'LINE","'a","'98.73143768"
"'2","'LINE","'/","'86.58010101"
"'2","'LINE","'/","'86.91104126"
"'2","'LINE","'de","'99.82720184"
"'2","'LINE","'a","'98.91489410"
"'2","'LINE","'/","'84.50714111"
"'2","'LINE","'de","'99.83320618"
"'2","'LINE","'/","'87.07447815"
"'2","'LINE","'/","'85.99632263"
"'2","'LINE","'a","'99.29646301"
"'2","'LINE","'10, 10 e 10 dias","'99.32044983"
"'2","'LINE","'retorno:","'90.08383942"
"'2","'LINE","'de","'99.83444977"
"'2","'LINE","'/","'86.86046600"
"'2","'LINE","'/","'93.90901184"
"'2","'LINE","'a","'99.55020905"
"'2","'LINE","'de","'99.84534454"
"'2","'LINE","'/","'93.06095886"
"'2","'LINE","'/","'94.57796478"
"'2","'LINE","'a","'99.70224762"
"'2","'LINE","'/","'86.79788208"
"'2","'LINE","'/","'88.46721649"
"'2","'LINE","'/","'87.16094208"
"'2","'LINE","'de","'99.83433533"
"'2","'LINE","'a","'99.58441162"
"'2","'LINE","'Cientes:","'98.80253601"
"'2","'LINE","'Chefe Imediato","'97.86414337"
"'2","'LINE","'Gerente de Pessoal","'99.23355103"
"'2","'LINE","'Servidor (a)","'99.02037048"
"'2","'LINE","'Diretor / Chefe de Pessoal","'98.00164032"
"'2","'LINE","'FÉRIAS PRORROGADAS:","'94.41899872"
"'2","'LINE","'Justificativa:","'91.06225586"
"'2","'LINE","'Necessidade do Serviço","'99.04067230"
"'2","'LINE","'Interesse do Servidor","'98.48771667"
"'2","'LINE","'NOVO PERÍODO:","'95.03115082"
"'2","'LINE","'ÚNICO DE 30 DIAS","'98.71012878"
"'2","'LINE","'10/20 e 20/10 dias","'97.96340179"
"'2","'LINE","'15 15 dias","'99.26550293"
"'2","'LINE","'retorno:","'98.78141022"
"'2","'LINE","'de","'99.80677795"
"'2","'LINE","'/","'83.65792847"
"'2","'LINE","'de","'99.84146881"
"'2","'LINE","'/","'84.84526825"
"'2","'LINE","'a","'99.58216095"
"'2","'LINE","'de","'99.82358551"
"'2","'LINE","'/","'87.71416473"
"'2","'LINE","'/","'87.36972046"
"'2","'LINE","'a","'99.41205597"
"'2","'LINE","'a","'99.00388336"
"'2","'LINE","'/","'90.69607544"
"'2","'LINE","'/","'89.19837189"
"'2","'LINE","'de","'99.83614349"
"'2","'LINE","'a","'99.44000244"
"'2","'LINE","'de","'99.78221893"
"'2","'LINE","'/","'84.55043030"
"'2","'LINE","'a","'99.19782257"
"'2","'LINE","'10, 10 e 10 dias","'99.30297852"
"'2","'LINE","'retorno:","'86.12783051"
"'2","'LINE","'de","'99.81067657"
"'2","'LINE","'a","'99.35447693"
"'2","'LINE","'de","'99.82672119"
"'2","'LINE","'/","'89.47973633"
"'2","'LINE","'a","'99.65480804"
"'2","'LINE","'/","'88.77528381"
"'2","'LINE","'/","'84.47854614"
"'2","'LINE","'de","'99.82105255"
"'2","'LINE","'a","'99.63219452"
"'2","'LINE","'/","'85.96402740"
"'2","'LINE","'/","'84.38548279"
"'2","'LINE","'Cientes:","'98.87423706"
"'2","'LINE","'Chefe Imediato","'81.01642609"
"'2","'LINE","'Gerente de Pessoal","'99.16225433"
"'2","'LINE","'Servidor (a)","'97.59013367"
"'2","'LINE","'Diretor/Chefe de Pessoal","'96.51835632"
"'2","'LINE","'10 via Secretaria","'74.55674744"
"'2","'LINE","'AVISO DE FÉRIAS","'98.89562988"
"'2","'LINE","'ÓRGÃO:","'93.34193420"
"'2","'LINE","'LOTAÇÃO:","'91.86624908"
"'2","'LINE","'SERVIDOR:","'92.33004761"
"'2","'LINE","'MATRICULA","'95.13420868"
"'2","'LINE","'CARGO:","'99.33792877"
"'2","'LINE","'VINCULO:","'93.63743591"
"'2","'LINE","'DATA:","'99.42074585"
"'2","'LINE","'Comunicamos a V.Sa., que de acordo com a Programação de Férias devidamente aprovada, será pago no mês de XXXXX/XXXX, 1/3 Constitucional de","'97.28923798"
"'2","'LINE","'Férias relativas ao exercício de XXXX/XXXX, que deverão ser gozadas no período:","'96.75917053"
"'2","'LINE","'ÚNICO DE 30 DIAS","'98.96105194"
"'2","'LINE","'10/20 e 20/10 dias","'99.38558197"
"'2","'LINE","'15 e 15 dias","'98.63120270"
"'2","'LINE","'retorno:","'96.19773102"
"'2","'LINE","'de","'99.73803711"
"'2","'LINE","'de","'99.86830139"
"'2","'LINE","'a","'99.48246002"
"'2","'LINE","'/","'88.69521332"
"'2","'LINE","'de","'99.87339783"
"'2","'LINE","'/","'85.61857605"
"'2","'LINE","'/","'84.75975037"
"'2","'LINE","'a","'99.25587463"
"'2","'LINE","'a","'98.69967651"
"'2","'LINE","'/","'85.49977112"
"'2","'LINE","'/","'89.00911713"
"'2","'LINE","'de","'99.82864380"
"'2","'LINE","'a","'98.89886475"
"'2","'LINE","'de","'99.81026459"
"'2","'LINE","'/","'86.43635559"
"'2","'LINE","'a","'98.85368347"
"'2","'LINE","'10, 10 e 10 dias","'98.96311951"
"'2","'LINE","'retorno:","'98.50411987"
"'2","'LINE","'de","'99.85414886"
"'2","'LINE","'/","'93.04174805"
"'2","'LINE","'a","'99.47744751"
"'2","'LINE","'/","'86.61211395"
"'2","'LINE","'de","'99.82892609"
"'2","'LINE","'/","'93.70622253"
"'2","'LINE","'/","'92.99432373"
"'2","'LINE","'a","'99.47581482"
"'2","'LINE","'/","'84.78525543"
"'2","'LINE","'de","'99.82876587"
"'2","'LINE","'a","'99.56328583"
"'2","'LINE","'Cientes:","'98.50741577"
"'2","'LINE","'Chefe Imediato","'97.12208557"
"'2","'LINE","'Gerente de Pessoal","'99.18201447"
"'2","'LINE","'Servidor (a)","'98.55625153"
"'2","'LINE","'Diretor / Chefe de Pessoal","'96.50504303"
"'2","'LINE","'FÉRIAS PRORROGADAS:","'95.83066559"
"'2","'LINE","'Justificativa:","'92.25495911"
"'2","'LINE","'Necessidade do Serviço","'98.95378113"
"'2","'LINE","'Interesse do Servidor","'96.62292480"
"'2","'LINE","'NOVO PERÍODO:","'94.07662964"
"'2","'LINE","'ÚNICO DE 30 DIAS","'97.84249115"
"'2","'LINE","'10/20 e 20/10 dias","'99.60510254"
"'2","'LINE","'15 15 dias","'99.24940491"
"'2","'LINE","'retorno:","'96.27539825"
"'2","'LINE","'de","'99.79492188"
"'2","'LINE","'/","'88.13494873"
"'2","'LINE","'/","'85.63178253"
"'2","'LINE","'de","'99.82035828"
"'2","'LINE","'/","'87.29380035"
"'2","'LINE","'a","'99.28099060"
"'2","'LINE","'de","'99.83164978"
"'2","'LINE","'/","'87.51329041"
"'2","'LINE","'a","'99.20467377"
"'2","'LINE","'a","'99.18933868"
"'2","'LINE","'/","'89.61691284"
"'2","'LINE","'/","'88.13617706"
"'2","'LINE","'de","'99.83901215"
"'2","'LINE","'a","'98.74361420"
"'2","'LINE","'de","'99.83248901"
"'2","'LINE","'/","'87.37771606"
"'2","'LINE","'a","'98.95056915"
"'2","'LINE","'10, 10 e 10 dias","'99.33979797"
"'2","'LINE","'retorno:","'84.93621826"
"'2","'LINE","'de","'99.79438019"
"'2","'LINE","'/","'90.60798645"
"'2","'LINE","'/","'92.88329315"
"'2","'LINE","'a","'99.57431793"
"'2","'LINE","'/","'85.46121979"
"'2","'LINE","'/","'86.56137848"
"'2","'LINE","'/","'85.81903839"
"'2","'LINE","'de","'99.82693481"
"'2","'LINE","'/","'93.67907715"
"'2","'LINE","'/","'91.75846863"
"'2","'LINE","'a","'99.46035004"
"'2","'LINE","'/","'93.61002350"
"'2","'LINE","'de","'99.79177856"
"'2","'LINE","'/","'85.71184540"
"'2","'LINE","'a","'99.43913269"
"'2","'LINE","'Cientes:","'98.66539001"
"'2","'LINE","'Chefe Imediato","'97.27990723"
"'2","'LINE","'Gerente de Pessoal","'99.29001617"
"'2","'LINE","'Servidor (a)","'98.95179749"
"'2","'LINE","'Diretor/Chefe de Pessoal","'95.71966553"
"'2","'LINE","'2° via Servidor","'70.94393158"
"'2","'LINE","'12155","'96.08261108"
